time,pJAK2_au,pEpoR_au
30,-0.113690193,-0.181901305
30,-0.175458638,-0.156347201
30,-0.17168214,-0.130261633
