time,pSTAT5_au
10,0.009338139
10,0.004178244
10,0.00959633
