time,pJAK2_au,pEpoR_au
30,0,-0.144112744
30,-0.103930356,-0.16259615
30,-0.121994356,-0.144112744
