time,pJAK2_au,pEpoR_au,CIS_au,tSTAT5_au,pSTAT5_au,tSHP1_au
0,-1.42714728,-1.608526034,-1.29136238,0,-1.300412298,-0.09017663
5,-0.007119741,-0.372997587,-1.365755325,-0.16185082,-0.325133226,-0.06038476
10,-0.03300026,-0.360552767,-1.33621136,-0.122799351,-0.235837625,0
30,-0.471857015,-0.793612852,-0.802066858,-0.107081309,-0.376497033,-0.039309734
60,-0.916718843,-1.122804607,-0.125525225,-0.205408691,-0.626726875,-0.088637487
