time,pSTAT5_au
10,0.845347313
10,0.699868938
10,0.968545216
