time,pJAK2_au,pEpoR_au,CIS_au,SOCS3_au,pSTAT5_au
0,-1.064255568,-1.198933405,-1.158488851,0,-1.831439102
10,-0.349156063,-0.046952719,-1.106515654,-0.052298635,-1.548964314
60,-1.217483944,-0.860721828,-1.102581193,-0.095712559,-2.129323214
120,-1.355995488,-0.905243772,-1.247369622,-0.168312642,-2.793210414
