time,pJAK2_au,pEpoR_au
7,-1.391576606,-1.282461141
7,-1.343064179,-1.397683712
7,-1.094512797,-1.433728816
