time,pJAK2_au,pEpoR_au,CIS_au,tSTAT5_au,pSTAT5_au,tSHP1_au
0,-1.714827047,-1.453189996,-1.143914739,-0.305069973,-1.213239871,-0.778987236
5,0,0,-1.205599453,-0.234083206,-0.118765919,-0.735999972
10,-0.003545281,-0.286306739,-1.137496837,-0.225212783,0,-0.54427689
30,-0.289875752,-0.497936323,-0.872147921,-0.238935709,-0.323446644,-0.521489002
60,-0.513563761,-0.841370167,0,-0.370665924,-0.465553405,-0.694814045
