time,CIS_au1,CIS_au2
90,0.970911164,0.949133444
90,0.999971485,0.586599644
90,0.853607425,0.873716474
