time,pJAK2_au,pEpoR_au
30,-0.418022824,-0.465729271
30,-0.628420585,-0.317198493
30,-0.641532358,-0.197533128
