time,pJAK2_au,pEpoR_au,CIS_au,SOCS3_au,pSTAT5_au
0,-1.749347693,-1.494600308,0,-0.487182581,-1.201135129
10,-0.077804717,-0.642357399,-0.153197728,-0.714711886,-0.452734681
60,-0.511912085,-0.729242597,-0.127870469,-0.255936057,-0.38593961
120,-0.571273997,-0.687791482,-0.180094002,-0.286947861,-0.2720663
