time,SOCS3RNA_foldA,SOCS3RNA_foldB,SOCS3RNA_foldC,CISRNA_foldA,CISRNA_foldB,CISRNA_foldC
15,0.126391167,0.159738447,0.065990862,0.020264138,0.023912634,0.013492622
30,0.097316966,0.190730994,0.220909411,0.155010385,0.162726759,0.148287366
60,0.72200705,0.663611072,0.977981498,0.849845913,0.737850291,0.561700788
120,0.558851551,0.593449277,0.634514025,0.493021403,0.558288777,0.377848188
240,0.596907124,NaN,0.596907124,0.412612029,NaN,0.344469892
360,0.525840484,0.350983296,0.651759417,0.276477023,0.337678772,0.168301015
