time,pSTAT5_au
10,0.204456094
10,0.063669725
10,0.130129751
