time,pJAK2_au,pEpoR_au
7,-0.24827786,-0.180471602
7,-0.09851554,-0.105061765
7,0,-0.157768116
