time,pSTAT5_au
10,-2.029739669
10,-2.379006225
10,-2.017894813
