time,CIS_au1,CIS_au2
90,0.792155217,0.713065413
90,0.970146969,0.604428232
90,0.906889129,0.519956625
