time,CIS_au1,CIS_au2
90,-0.136728067,0
90,-0.052566085,-0.070435416
90,0,-0.03975681
