time,pJAK2_au,pEpoR_au
7,-0.299430383,0
7,-0.119102071,-0.172771144
7,-0.082721273,-0.038021689
