time,CIS_au1,CIS_au2
90,0.729914402,1
90,0.886000393,0.850285129
90,1,0.912521678
