time,CIS_au1,CIS_au2
90,-0.289601874,-0.253555701
90,-0.325318154,-0.393746584
90,-0.344251828,-0.266015177
