time,pSTAT5_au
10,0.647444299
10,0.596330275
10,0.711664482
