time,pSTAT5_au
10,-0.405403283
10,-0.712262823
10,-0.560305243
