time,CIS_au1,CIS_au2
90,-0.101189713,-0.146870628
90,-0.013162469,-0.218655258
90,-0.042445804,-0.284032884
