time,pJAK2_au,pEpoR_au,tSTAT5_au,pSTAT5_au,CIS_au
0,-1.730879658,-1.480345333,-0.079651008,-2.718244555,-1.878515532
5,0,-0.063410392,-0.04706364,-0.065266732,-2.0286995
10,-0.125173906,-0.074941011,-0.065774604,-0.024942422,-2.04980517
30,-0.629491998,-0.896325341,-0.173750043,-0.319601235,-1.553195293
60,-1.089431621,-0.901401981,-0.13363282,-0.768167029,-0.512295601
90,-1.342378991,-1.27572413,-0.233747973,-1.089458321,-0.253463285
120,-1.441594967,-0.799531517,-0.05232788,-0.734012753,-0.077372026
150,-1.16405086,-1.000409905,-0.166801183,-0.882713285,-0.065712413
180,-1.126976237,-1.101668154,-0.326655243,-0.936815066,0
