time,pJAK2_au,pEpoR_au
7,-0.811793009,-0.882560432
7,-0.781691277,-0.568047928
7,-0.646928081,-0.746039822
