time,pSTAT5_au
10,-0.072964823
10,-0.154983281
10,-0.0138801
