time,pSTAT5_au
10,-0.188797589
10,-0.224513141
10,-0.147724708
