time,pJAK2_au,pEpoR_au
30,-0.139094773,-0.216115406
30,-0.186989257,-0.181901305
30,-0.20285566,0
