time,pSTAT5_au
10,-0.083873893
10,-0.139014773
10,0
