time,CIS_au1,CIS_au2
90,0.513331749,0.557756062
90,0.472804767,0.403880994
90,0.452635041,0.54198195
