time,CIS_au1,CIS_au2
90,0.041597379,0.036279538
90,0.037763182,0.045195002
90,0.03897075,0.041018546
