time,CIS_au1,CIS_au2
90,-1.380934033,-1.440338248
90,-1.422931419,-1.344909594
90,-1.40926124,-1.387019743
