time,pJAK2_au,pEpoR_au
7,-0.343064179,-0.222019698
7,-0.228849308,-0.093462707
7,-0.136304101,-0.47456507
