time,pJAK2_au,pEpoR_au,CIS_au,SOCS3_au,pSTAT5_au
0,-1.12595226,-1.33451514,-0.746724423,-1.555779569,-2.259354129
10,0,0,-0.865977521,-1.629043481,0
60,-0.62385712,-0.438949211,0,-1.076053061,-0.465590635
120,-0.575552441,-0.434753096,-0.013363962,-0.993078826,-0.477121255
