time,pEpoR_au
0,-0.889772501
5,0
10,-0.053336448
60,-0.502231975
120,-0.673914115
