time,pSTAT5_au
10,0.393184797
10,0.193971166
10,0.275229358
