time,pJAK2_au,pEpoR_au,CIS_au,SOCS3_au,pSTAT5_au
0,-1.572311287,-1.636422624,-1.540538345,-0.559483477,-1.151168785
10,0,0,-1.583955264,-0.454513464,0
60,-0.603957563,-0.645549805,-0.992103519,-0.03568398,-0.148004041
120,-0.649669923,-0.618558226,-1.123093921,0,-0.19817065
