time,STAT5_abs,SHP1_abs,CIS_abs,SOCS3_abs,pSTAT5B_rel
0,1.797151886,1.453849804,NaN,NaN,0.508
0,2.069033885,1.489448392,NaN,NaN,0.684588165
0,1.839063523,1.337460641,NaN,NaN,1.147136313
0,NaN,NaN,NaN,NaN,1.160931614
10,NaN,NaN,NaN,NaN,78.02
10,NaN,NaN,NaN,NaN,68.44743303
10,NaN,NaN,NaN,NaN,74.05419128
10,NaN,NaN,NaN,NaN,71.55139474
120,NaN,NaN,1.463322435,1.091836552,NaN
120,NaN,NaN,1.416600024,0.860675797,NaN
120,NaN,NaN,1.293415451,1.062290064,NaN
