time,pJAK2_au,pEpoR_au
30,-1.042533731,-0.916273631
30,-1.156896219,-0.985806107
30,-0.963585288,-0.60816259
