time,pJAK2_au,pEpoR_au
30,-0.08197578,-0.128318477
30,-0.120320772,-0.326278151
30,-0.261136271,-0.10381815
