time,pSTAT5_au
10,-0.68939994
10,-1.196067027
10,-0.885623401
