time,pEpoR_au
0,-0.938968891
5,-0.482734186
10,-0.574379959
60,-0.636125555
120,-0.753095362
