time,pSTAT5_au
10,0.824377457
10,0.726081258
10,1
