time,CIS_au1,CIS_au2
90,-0.012820505,-0.022672724
90,-1.2384E-05,-0.231658205
90,-0.068741816,-0.058629475
